<?xml version="1.0" encoding="UTF-8"?>
    <addon id="repository.MBManTech" name="MBMan Repo" version="0.1.1" provider-name="MBManTech">
        <requires>
            <import addon="xbmc.addon" version="12.0.0"/>
        </requires>
        <extension point="xbmc.addon.repository" name="MBMan Repo">
            <info compressed="false">https://github.com/MBManTech/repo/blob/master/addons.xml</info>
            <checksum>https://github.com/MBManTech/repo/blob/master/addons.xml.md5</checksum>
            <datadir zip="true">https://github.com/MBManTech/repo</datadir>
            <hashes>false</hashes>
        </extension>
        <extension point="xbmc.addon.metadata">
            <summary>MBManTech Repository</summary>
            <description>This Repository is used to Install MBManTech Wizards and Addons.</description>
            <platform>all</platform>
        </extension>
    </addon>
